{"cameraMode":{"drawMode":0,"name":"Shaded","section":"Shading Mode"},"sceneLighting":false,"audioPlay":false,"sceneViewState":{"showFog":true,"showMaterialUpdate":false,"showSkybox":false,"showFlares":true,"showImageEffects":true,"showParticleSystems":true},"in2DMode":false,"pivot":{"x":2.3477139472961427,"y":2.21315860748291,"z":0.0030728578567504884},"rotation":{"x":-0.000045425993448589,"y":0.9996845126152039,"z":0.025187820196151735,"w":0.0018005596939474345},"size":1.2354285717010499,"orthographic":false}