{"cameraMode":{"drawMode":0,"name":"Shaded","section":"Shading Mode"},"sceneLighting":false,"audioPlay":false,"sceneViewState":{"showFog":true,"showMaterialUpdate":false,"showSkybox":false,"showFlares":true,"showImageEffects":true,"showParticleSystems":true},"in2DMode":false,"pivot":{"x":-0.6899330615997315,"y":2.292595386505127,"z":0.042765021324157718},"rotation":{"x":0.010979315266013146,"y":0.9872285723686218,"z":0.13830691576004029,"w":-0.07835091650485993},"size":1.2354285717010499,"orthographic":false}