{"cameraMode":{"drawMode":0,"name":"Shaded","section":"Shading Mode"},"sceneLighting":true,"audioPlay":false,"sceneViewState":{"showFog":true,"showMaterialUpdate":false,"showSkybox":true,"showFlares":true,"showImageEffects":true,"showParticleSystems":true},"in2DMode":false,"pivot":{"x":52.63779830932617,"y":84.01451873779297,"z":-0.17547607421875},"rotation":{"x":-0.006309468764811754,"y":0.0050969840958714489,"z":-0.00003216582626919262,"w":-0.999967098236084},"size":154.67213439941407,"orthographic":false}