{"cameraMode":{"drawMode":0,"name":"Shaded","section":"Shading Mode"},"sceneLighting":true,"audioPlay":false,"sceneViewState":{"showFog":true,"showMaterialUpdate":false,"showSkybox":true,"showFlares":true,"showImageEffects":true,"showParticleSystems":true},"in2DMode":false,"pivot":{"x":-0.20230722427368165,"y":1.2240686416625977,"z":-0.6545467376708984},"rotation":{"x":0.10170687735080719,"y":-0.48743781447410586,"z":0.057291943579912189,"w":0.8653194904327393},"size":11.925186157226563,"orthographic":false}